rann:rann123
bokep12:bokep12295292
yoga:yoga065883
yogakep:yogakep403839
ima:ima420185
zunnn:zunnn1456
Yogaa:Yogaa20354
suika:suika123
kenok:kenok332229
saks:saks7486
bluman23:bluman231176
kntl:kntl5971
kenza:kenza8804
Alvin:Alvin4145
dyen:dyen0695
danzy:danzy8418
danzyy:danzyy223588
Tonic:Tonic3745
Tonii:Tonii89286